00001,长和
00002,中电控股
00003,香港中华煤气
00005,汇丰控股
00006,电能实业
00008,电讯盈科
00010,恒隆集团
00011,恒生银行
00012,恒基地产
00013,和黄医药
00014,希慎兴业
00016,新鸿基地产
00019,太古股份公司Ａ
00023,东亚银行
00027,银河娱乐
00038,第一拖拉机股份
00045,大酒店
00066,港铁公司
00069,香格里拉（亚洲）
00081,中国海外宏洋集团
00083,信和置业
00086,新鸿基公司
00087,太古股份公司Ｂ
00101,恒隆地产
00107,四川成渝高速公路
00116,周生生
00123,越秀地产
00135,昆仑能源
00136,中国儒意
00142,第一太平
00144,招商局港口
00148,建滔集团
00151,中国旺旺
00152,深圳国际
00165,中国光大控股
00168,青岛啤酒股份
00173,嘉华国际
00175,吉利汽车
00177,江苏宁沪高速公路
00178,莎莎国际
00179,德昌电机控股
00187,京城机电股份
00189,东岳集团
00200,新濠国际发展
00215,和记电讯香港
00220,统一企业中国
00241,阿里健康
00245,中薇金融
00256,冠城钟表珠宝
00257,光大环境
00267,中信股份
00268,金蝶国际
00270,粤海投资
00272,瑞安房地产
00285,比亚迪电子
00288,万洲国际
00291,华润啤酒
00293,国泰航空
00296,英皇娱乐酒店
00297,中化化肥
00300,美的集团
00303,VTECH HOLDINGS
00308,香港中旅
00314,思派健康
00315,数码通电讯
00316,东方海外国际
00317,中船防务
00321,德永佳集团
00322,康师傅控股
00323,马鞍山钢铁股份
00327,百富环球
00336,华宝国际
00338,上海石油化工股份
00341,大家乐集团
00345,VITASOY INT'L
00347,鞍钢股份
00354,中国软件国际
00358,江西铜业股份
00363,上海实业控股
00371,北控水务集团
00384,中国燃气
00386,中国石油化工股份
00388,香港交易所
00390,中国中铁
00392,北京控股
00400,硬蛋创新
00412,山高控股
00425,敏实集团
00440,大新金融
00451,协鑫新能源
00460,四环医药
00467,联合能源集团
00489,东风集团股份
00496,卡森国际
00506,中国食品
00508,鼎亿集团投资
00511,电视广播
00512,远大医药
00517,中远海运国际
00520,呷哺呷哺
00522,ASMPT
00525,广深铁路股份
00546,阜丰集团
00547,数字王国
00548,深圳高速公路股份
00551,裕元集团
00552,中国通信服务
00553,南京熊猫电子股份
00558,力劲科技
00564,郑煤机
00568,山东墨龙
00570,中国中药
00576,浙江沪杭甬
00579,京能清洁能源
00581,中国东方集团
00582,神话世界
00586,海螺创业
00587,海螺环保
00590,六福集团
00598,中国外运
00607,丰盛控股
00631,三一国际
00636,KLN
00639,首钢资源
00656,复星国际
00658,中国高速传动
00659,周大福创建
00666,瑞浦兰钧
00667,中国东方教育
00669,创科实业
00670,中国东方航空股份
00683,嘉里建设
00686,北京能源国际
00687,泰升集团
00688,中国海外发展
00694,北京首都机场股份
00696,中国民航信息网络
00697,首程控股
00700,腾讯控股
00709,佐丹奴国际
00710,京东方精电
00719,山东新华制药股份
00728,中国电信
00732,信利国际
00737,湾区发展
00751,创维集团
00753,中国国航
00762,中国联通
00763,中兴通讯
00772,阅文集团
00775,长江生命科技
00777,网龙
00780,同程旅行
00788,中国铁塔
00799,IGG
00806,惠理集团
00811,新华文轩
00816,金茂服务
00817,中国金茂
00819,天能动力
00826,天工国际
00829,神冠控股
00836,华润电力
00839,中教控股
00853,微创医疗
00855,中国水务
00856,伟仕佳杰
00857,中国石油股份
00861,神州控股
00867,康哲药业
00868,信义玻璃
00874,白云山
00880,澳博控股
00881,中升控股
00883,中国海洋石油
00895,东江环保
00902,华能国际电力股份
00909,明源云
00914,海螺水泥
00916,龙源电力
00921,海信家电
00931,中国港能
00933,非凡领越
00934,中石化冠德
00939,建设银行
00941,中国移动
00950,李氏大药厂
00951,超威动力
00956,新天绿色能源
00960,龙湖集团
00966,中国太平
00968,信义光能
00975,MONGOL MINING
00981,中芯国际
00990,荣晖国际
00991,大唐发电
00992,联想集团
00995,安徽皖通高速公路
00998,中信银行
00999,小菜园
01024,快手－Ｗ
01028,千百度
01033,中石化油服
01038,长江基建集团
01044,恒安国际
01052,越秀交通基建
01053,重庆钢铁股份
01055,中国南方航空股份
01057,浙江世宝
01060,阿里影业
01065,天津创业环保股份
01066,威高股份
01068,雨润食品
01070,ＴＣＬ电子
01071,华电国际电力股份
01072,东方电气
01083,港华智慧能源
01086,好孩子国际
01088,中国神华
01093,石药集团
01099,国药控股
01108,凯盛新能
01109,华润置地
01112,Ｈ＆Ｈ国际控股
01113,长实集团
01114,华晨中国
01117,现代牧业
01119,创梦天地
01128,永利澳门
01137,香港科技探索
01138,中远海能
01140,华科智能投资
01141,民银资本
01157,中联重科
01164,中广核矿业
01171,兖矿能源
01177,中国生物制药
01186,中国铁建
01193,华润燃气
01199,中远海运港口
01205,中信资源
01208,五矿资源
01209,华润万象生活
01211,比亚迪股份
01234,中国利郎
01244,思路迪医药股份
01250,山高新能源
01257,中国光大绿色环保
01258,中国有色矿业
01268,美东汽车
01274,知行科技
01277,力量发展
01282,中泽丰
01286,鹰普精密
01288,农业银行
01299,友邦保险
01302,先健科技
01308,海丰国际
01310,香港宽频
01313,华润建材科技
01316,耐世特
01317,枫叶教育
01318,毛戈平
01330,绿色动力环保
01336,新华保险
01339,中国人民保险集团
01347,华虹半导体
01349,复旦张江
01357,美图公司
01359,中国信达
01361,３６１度
01368,特步国际
01375,中州证券
01378,中国宏桥
01382,互太纺织
01385,上海复旦
01398,工商银行
01405,达势股份
01415,高伟电子
01432,中国圣牧
01448,福寿园
01456,国联民生
01458,周黑鸭
01468,京基金融国际
01475,日清食品
01477,欧康维视生物－Ｂ
01478,丘钛科技
01508,中国再保险
01513,丽珠医药
01515,华润医疗
01519,极兔速递－Ｗ
01521,方达控股
01530,三生制药
01548,金斯瑞生物科技
01551,广州农商银行
01558,东阳光长江药业
01563,友联国际教育租赁
01569,民生教育
01578,天津银行
01579,颐海国际
01583,亲亲食品
01585,雅迪控股
01600,天伦燃气
01606,国银金租
01608,伟能集团
01610,中粮家佳康
01618,中国中冶
01635,大众公用
01658,邮储银行
01666,同仁堂科技
01675,亚信科技
01681,康臣药业
01685,博耳电力
01686,新意网集团
01691,ＪＳ环球生活
01709,德林控股
01717,澳优
01725,洲际航天科技
01728,正通汽车
01735,中环新能源
01765,希教国际控股
01766,中国中车
01769,思考乐教育
01772,赣锋锂业
01773,天立国际控股
01776,广发证券
01787,山东黄金
01788,国泰君安国际
01789,爱康医疗
01797,东方甄选
01798,大唐新能源
01799,新特能源
01800,中国交通建设
01801,信达生物
01810,小米集团－Ｗ
01811,中广核新能源
01816,中广核电力
01817,慕尚集团控股
01818,招金矿业
01833,平安好医生
01836,九兴控股
01848,中国飞机租赁
01855,中庆股份
01858,春立医疗
01860,汇量科技
01873,维亚生物
01876,百威亚太
01877,君实生物
01880,中国中免
01882,海天国际
01883,中信国际电讯
01888,建滔积层板
01890,中国科培
01896,猫眼娱乐
01898,中煤能源
01905,海通恒信
01907,中国旭阳集团
01908,建发国际集团
01909,火岩控股
01910,新秀丽
01911,华兴资本控股
01916,江西银行
01919,中远海控
01921,达力普控股
01928,金沙中国有限公司
01929,周大福
01942,马可数字科技
01951,锦欣生殖
01958,北京汽车
01963,重庆银行
01969,中国春来
01970,IMAX CHINA
01980,天鸽互动
01981,华夏控股
01988,民生银行
01995,永升服务
01997,九龙仓置业
01999,敏华控股
02001,新高教集团
02003,维信金科
02005,石四药集团
02008,凤凰卫视
02015,理想汽车－Ｗ
02016,浙商银行
02018,瑞声科技
02020,安踏体育
02038,富智康集团
02039,中集集团
02051,５１信用卡
02057,中通快递－Ｗ
02066,盛京银行
02068,中铝国际
02096,先声药业
02098,卓尔智联
02099,中国黄金国际
02105,来凯医药－Ｂ
02111,超盈国际控股
02128,中国联塑
02136,利福中国
02137,腾盛博药－Ｂ
02138,医思健康
02142,和铂医药－Ｂ
02145,上美股份
02150,奈雪的茶
02155,森松国际
02156,建发物业
02158,医渡科技
02160,心通医疗－Ｂ
02169,沧港铁路
02172,微创脑科学
02186,绿叶制药
02192,医脉通
02196,复星医药
02199,维珍妮
02208,金风科技
02218,安德利果汁
02232,晶苑国际
02233,西部水泥
02238,广汽集团
02246,快狗打车（新）
02255,海昌海洋公园
02268,药明合联
02269,药明生物
02273,固生堂
02279,雍禾医疗
02282,美高梅中国
02285,泉峰控股
02291,心泰医疗
02298,都市丽人
02313,申洲国际
02314,理文造纸
02318,中国平安
02319,蒙牛乳业
02328,中国财险
02331,李宁
02333,长城汽车
02338,潍柴动力
02342,京信通信
02343,太平洋航运
02356,大新银行集团
02357,中航科工
02359,药明康德
02367,巨子生物
02378,保诚
02380,中国电力
02382,舜宇光学科技
02386,中石化炼化工程
02388,中银香港
02400,心动公司
02407,高视医疗
02410,同源康医药－Ｂ
02411,百果园集团
02415,梅斯健康
02416,易点云
02419,德康农牧
02423,贝壳－Ｗ
02429,友宝在线
02431,佑驾创新
02432,越疆
02443,汽车街
02460,华润饮料
02465,龙蟠科技
02469,粉笔
02498,速腾聚创
02506,讯飞医疗科技
02507,西锐
02510,德翔海运
02511,君圣泰医药－Ｂ
02517,锅圈
02522,一脉阳光
02533,黑芝麻智能
02550,宜搜科技
02555,茶百道
02582,国富氢能
02587,健康之路
02588,中银航空租赁
02600,中国铝业
02601,中国太保
02602,万物云
02607,上海医药
02611,国泰海通
02616,基石药业－Ｂ
02618,京东物流
02628,中国人寿
02666,环球医疗
02669,中海物业
02678,天虹国际集团
02688,新奥能源
02689,玖龙纸业
02727,上海电气
02798,久泰邦达能源
02799,中信金融资产
02858,易鑫集团
02866,中远海发
02869,绿城服务
02877,神威药业
02880,辽港股份
02883,中海油田服务
02888,渣打集团
02899,紫金矿业
03306,江南布衣
03309,希玛医疗
03311,中国建筑国际
03320,华润医药
03328,交通银行
03339,中国龙工
03347,泰格医药
03360,远东宏信
03369,秦港股份
03382,天津港发展
03389,亨得利
03393,威胜控股
03396,联想控股
03606,福耀玻璃
03613,同仁堂国药
03618,重庆农村商业银行
03633,中裕能源
03650,KEEP
03668,兖煤澳大利亚
03669,永达汽车
03678,弘业期货
03690,美团－Ｗ
03692,翰森制药
03698,徽商银行
03709,赢家时尚
03738,阜博集团
03759,康龙化成
03788,中国罕王
03800,协鑫科技
03808,中国重汽
03813,宝胜国际
03818,中国动向
03836,和谐汽车
03866,青岛银行
03868,信义能源
03877,中国船舶租赁
03886,康健国际医疗
03888,金山软件
03896,金山云
03898,时代电气
03899,中集安瑞科
03900,绿城中国
03908,中金公司
03918,金界控股
03931,中创新航
03933,联邦制药
03939,万国黄金集团
03958,东方证券
03968,招商银行
03969,中国通号
03988,中国银行
03993,洛阳钼业
03996,中国能源建设
03998,波司登
06030,中信证券
06049,保利物业
06055,中烟香港
06060,众安在线
06066,中信建投证券
06068,光正教育
06069,盛业
06078,海吉亚医疗
06086,方舟健客
06088,FIT HON TENG
06098,碧桂园服务
06099,招商证券
06100,同道猎聘
06110,滔搏
06127,昭衍新药
06160,百济神州
06169,宇华教育
06178,光大证券
06181,老铺黄金
06185,康希诺生物
06186,中国飞鹤
06196,郑州银行
06198,青岛港
06601,朝云集团
06610,飞天云动
06616,环球新材国际
06618,京东健康
06639,瑞尔集团
06655,华新水泥
06660,艾美疫苗
06666,恒大物业
06680,金力永磁
06682,第四范式
06683,巨星传奇
06690,海尔智家
06693,赤峰黄金
06699,时代天使
06806,申万宏源
06808,高鑫零售
06818,中国光大银行
06821,凯莱英
06826,昊海生物科技
06828,北京燃气蓝天
06855,亚盛医药－Ｂ
06862,海底捞
06865,福莱特玻璃
06869,长飞光纤光缆
06881,中国银河
06886,HTSC
06929,业聚医疗
06936,顺丰控股
06955,博安生物
06963,阳光保险
06969,思摩尔国际
06978,永泰生物－Ｂ
06979,珍酒李渡
06989,卓越商企服务
06990,科伦博泰生物－Ｂ
06993,蓝月亮集团
06998,嘉和生物－Ｂ
09618,京东集团－ＳＷ
09626,哔哩哔哩－Ｗ
09633,农夫山泉
09636,九方智投控股
09658,特海国际
09668,渤海银行
09669,北森控股
09676,十月稻田
09688,再鼎医药
09690,途虎－Ｗ
09696,天齐锂业
09699,顺丰同城
09857,柠萌影视
09858,优然牧业
09860,艾迪康控股
09863,零跑汽车
09868,小鹏汽车－Ｗ
09869,海伦司
09877,健世科技－Ｂ
09878,汇通达网络
09880,优必选
09885,药师帮
09886,叮当健康
09890,中旭未来
09896,名创优品
09899,网易云音乐
09909,宝龙商业
09922,九毛九
09923,移卡
09926,康方生物
09930,宏信建发
09955,智云健康
09956,安能物流
09966,康宁杰瑞制药－Ｂ
09969,诺诚健华
09979,绿城管理控股
09983,建业新生活
09985,卫龙美味
09987,百胜中国
09988,阿里巴巴－Ｗ
09989,海普瑞
09990,祖龙娱乐
09992,泡泡玛特
09995,荣昌生物
09996,沛嘉医疗－Ｂ
09997,康基医疗
